E14000530,Aldershot,Aldershot,100.0%,94.8%,Aldershot will have its area enlarged.
E14000531,Aldridge-Brownhills,Aldridge-Brownhills,100.0%,83.0%,Aldridge-Brownhills will have its area enlarged.
E14000532,Altrincham and Sale West,Altrincham and Sale West,100.0%,100.0%,Altrincham and Sale West will be unchanged.
E14000533,Amber Valley,Amber Valley,100.0%,100.0%,Amber Valley will have a small change to its boundaries.
E14000534,Arundel and South Downs,Arundel and South Downs,67.2%,72.1%,"Arundel and South Downs will be split between 4 successor constituencies, with the bulk of the population remaining in the Arundel and South Downs seat."
E14000535,Ashfield,Ashfield,86.0%,94.6%,"Ashfield will be split between 2 successor constituencies, with the bulk of the population remaining in the Ashfield seat."
E14000536,Ashford,Ashford,67.6%,80.6%,Ashford will be split between 2 successor constituencies.
E14000537,Ashton-under-Lyne,Ashton-under-Lyne,77.6%,74.5%,"Ashton-under-Lyne will be split between 2 successor constituencies, with the bulk of the population remaining in the Ashton-under-Lyne seat."
E14000538,Aylesbury,Aylesbury,67.2%,76.8%,"Aylesbury will be split between 3 successor constituencies, with the bulk of the population remaining in the Aylesbury seat."
E14000539,Banbury,Banbury,60.4%,81.0%,Banbury will be split between 2 successor constituencies.
E14000540,Barking,Barking,91.7%,100.0%,Barking will have its area reduced.
E14000541,Barnsley Central,Barnsley North,87.4%,75.8%,"Barnsley Central will be split between 2 successor constituencies, with the bulk of the population moving to the new Barnsley North seat."
E14000542,Barnsley East,Barnsley South,73.2%,65.8%,"Barnsley East will be split between 2 successor constituencies, with the bulk of the population moving to the new Barnsley South seat."
E14000543,Barrow and Furness,Barrow and Furness,100.0%,89.7%,Barrow and Furness will have its area enlarged.
E14000544,Basildon and Billericay,Basildon and Billericay,100.0%,90.4%,Basildon and Billericay will have its area enlarged.
E14000545,Basingstoke,Basingstoke,85.6%,93.0%,"Basingstoke will be split between 3 successor constituencies, with the bulk of the population remaining in the Basingstoke seat."
E14000546,Bassetlaw,Bassetlaw,96.1%,100.0%,Bassetlaw will have its area reduced.
E14000547,Bath,Bath,100.0%,92.8%,Bath will have its area enlarged.
E14000548,Batley and Spen,Spen Valley,64.8%,75.3%,"Batley and Spen will be split between 2 successor constituencies, with the bulk of the population moving to the new Spen Valley seat."
E14000549,Battersea,Battersea,91.2%,100.0%,Battersea will have its area reduced.
E14000550,Beaconsfield,Beaconsfield,91.9%,100.0%,Beaconsfield will have its area reduced.
E14000551,Beckenham,Beckenham and Penge,63.4%,54.9%,Beckenham will be split between 2 successor constituencies.
E14000552,Bedford,Bedford,98.0%,98.6%,The boundaries of Bedford will change.
E14000553,Bermondsey and Old Southwark,Bermondsey and Old Southwark,74.3%,98.9%,"Bermondsey and Old Southwark will be split between 3 successor constituencies, with the bulk of the population remaining in the Bermondsey and Old Southwark seat."
E14000554,Berwick-upon-Tweed,North Northumberland,95.4%,78.5%,"The boundaries of Berwick-upon-Tweed will change, and it will be renamed North Northumberland."
E14000555,Bethnal Green and Bow,Bethnal Green and Stepney,76.8%,86.6%,"Bethnal Green and Bow will be split between 2 successor constituencies, with the bulk of the population moving to the new Bethnal Green and Stepney seat."
E14000556,Beverley and Holderness,Beverley and Holderness,89.6%,100.0%,Beverley and Holderness will have its area reduced.
E14000557,Bexhill and Battle,Bexhill and Battle,79.4%,93.2%,"Bexhill and Battle will be split between 4 successor constituencies, with the bulk of the population remaining in the Bexhill and Battle seat."
E14000558,Bexleyheath and Crayford,Bexleyheath and Crayford,85.7%,82.2%,The boundaries of Bexleyheath and Crayford will change.
E14000559,Birkenhead,Birkenhead,100.0%,85.6%,Birkenhead will have its area enlarged.
E14000560,"Birmingham, Edgbaston",Birmingham Edgbaston,96.2%,88.9%,"The boundaries of Birmingham, Edgbaston will change."
E14000561,"Birmingham, Erdington",Birmingham Erdington,100.0%,86.1%,"The boundaries of Birmingham, Erdington will change."
E14000562,"Birmingham, Hall Green",Birmingham Hall Green and Moseley,89.5%,93.0%,"The boundaries of Birmingham, Hall Green will change, and it will be renamed Birmingham Hall Green and Moseley."
E14000563,"Birmingham, Hodge Hill",Birmingham Hodge Hill and Solihull North,61.0%,66.0%,"Birmingham, Hodge Hill will be split between 3 successor constituencies, with the bulk of the population moving to the new Birmingham Hodge Hill and Solihull North seat."
E14000564,"Birmingham, Ladywood",Birmingham Ladywood,73.4%,69.6%,"Birmingham, Ladywood will be split between 3 successor constituencies, with the bulk of the population moving to the new Birmingham Ladywood seat."
E14000565,"Birmingham, Northfield",Birmingham Northfield,99.3%,97.6%,"Birmingham, Northfield will have a small change to its boundaries."
E14000566,"Birmingham, Perry Barr",Birmingham Perry Barr,85.0%,78.4%,"Birmingham, Perry Barr will be split between 3 successor constituencies, with the bulk of the population moving to the new Birmingham Perry Barr seat."
E14000567,"Birmingham, Selly Oak",Birmingham Selly Oak,96.4%,97.9%,"The boundaries of Birmingham, Selly Oak will change."
E14000568,"Birmingham, Yardley",Birmingham Yardley,81.4%,83.9%,"Birmingham, Yardley will be split between 4 successor constituencies, with the bulk of the population moving to the new Birmingham Yardley seat."
E14000569,Bishop Auckland,Bishop Auckland,75.1%,73.1%,"Bishop Auckland will be split between 2 successor constituencies, with the bulk of the population remaining in the Bishop Auckland seat."
E14000570,Blackburn,Blackburn,97.7%,99.4%,The boundaries of Blackburn will change.
E14000571,Blackley and Broughton,Blackley and Middleton South,57.5%,66.9%,Blackley and Broughton will be split between 4 successor constituencies.
E14000572,Blackpool North and Cleveleys,Blackpool North and Fleetwood,65.7%,57.3%,Blackpool North and Cleveleys will be split between 2 successor constituencies.
E14000573,Blackpool South,Blackpool South,100.0%,74.0%,Blackpool South will have its area enlarged.
E14000574,Blaydon,Blaydon and Consett,51.2%,49.3%,Blaydon will be split between 3 successor constituencies with a very small portion going to a fourth constituency.
E14000575,Blyth Valley,Cramlington and Killingworth,53.4%,47.2%,Blyth Valley will be split between 2 successor constituencies.
E14000576,Bognor Regis and Littlehampton,Bognor Regis and Littlehampton,84.8%,87.2%,"Bognor Regis and Littlehampton will be split between 3 successor constituencies, with the bulk of the population remaining in the Bognor Regis and Littlehampton seat."
E14000577,Bolsover,Bolsover,99.7%,99.6%,Bolsover will have a small change to its boundaries.
E14000578,Bolton North East,Bolton North East,100.0%,88.7%,Bolton North East will have its area enlarged.
E14000579,Bolton South East,Bolton South and Walkden,75.2%,67.8%,"Bolton South East will be split between 3 successor constituencies, with the bulk of the population moving to the new Bolton South and Walkden seat."
E14000580,Bolton West,Bolton West,84.2%,84.9%,The boundaries of Bolton West will change.
E14000581,Bootle,Bootle,100.0%,100.0%,Bootle will be unchanged.
E14000582,Boston and Skegness,Boston and Skegness,99.6%,93.8%,The boundaries of Boston and Skegness will change.
E14000583,Bosworth,Hinckley and Bosworth,87.2%,94.6%,"The boundaries of Bosworth will change, and it will be renamed Hinckley and Bosworth."
E14000584,Bournemouth East,Bournemouth East,100.0%,100.0%,Bournemouth East will have a small change to its boundaries.
E14000585,Bournemouth West,Bournemouth West,96.4%,96.7%,The boundaries of Bournemouth West will change.
E14000586,Bracknell,Bracknell,82.3%,92.1%,"Bracknell will be split between 2 successor constituencies, with the bulk of the population remaining in the Bracknell seat."
E14000587,Bradford East,Bradford East,97.7%,100.0%,Bradford East will have its area reduced.
E14000588,Bradford South,Bradford South,100.0%,97.4%,Bradford South will have a small change to its boundaries.
E14000589,Bradford West,Bradford West,100.0%,100.0%,Bradford West will be unchanged.
E14000590,Braintree,Braintree,91.6%,90.9%,The boundaries of Braintree will change.
E14000591,Brent Central,Brent East,70.2%,78.2%,Brent Central will be split between 3 successor constituencies.
E14000592,Brent North,Brent West,77.2%,83.7%,"Brent North will be split between 3 successor constituencies, with the bulk of the population moving to the new Brent West seat."
E14000593,Brentford and Isleworth,Brentford and Isleworth,74.5%,83.2%,"Brentford and Isleworth will be split between 2 successor constituencies, with the bulk of the population remaining in the Brentford and Isleworth seat."
E14000594,Brentwood and Ongar,Brentwood and Ongar,99.7%,100.0%,Brentwood and Ongar will have a small change to its boundaries.
E14000595,Bridgwater and West Somerset,Bridgwater,65.0%,76.2%,Bridgwater and West Somerset will be split between 3 successor constituencies.
E14000596,Brigg and Goole,Goole and Pocklington,36.5%,30.9%,Brigg and Goole will be split between 4 successor constituencies.
E14000597,"Brighton, Kemptown",Brighton Kemptown and Peacehaven,100.0%,98.2%,"Brighton, Kemptown will have a small change to its boundaries."
E14000598,"Brighton, Pavilion",Brighton Pavilion,98.4%,100.0%,"Brighton, Pavilion will have a small change to its boundaries."
E14000599,Bristol East,Bristol East,59.7%,56.6%,Bristol East will be split between 2 successor constituencies.
E14000600,Bristol North West,Bristol North West,87.8%,88.5%,The boundaries of Bristol North West will change.
E14000601,Bristol South,Bristol South,88.1%,100.0%,Bristol South will have its area reduced.
E14000602,Bristol West,Bristol Central,66.9%,100.0%,Bristol West will have its area reduced and be renamed Bristol Central.
E14000603,Broadland,Broadland and Fakenham,93.3%,100.0%,Broadland will have its area reduced and be renamed Broadland and Fakenham.
E14000604,Bromley and Chislehurst,Bromley and Biggin Hill,53.5%,52.7%,Bromley and Chislehurst will be split between 3 successor constituencies.
E14000605,Bromsgrove,Bromsgrove,100.0%,100.0%,Bromsgrove will be unchanged.
E14000606,Broxbourne,Broxbourne,94.6%,91.3%,The boundaries of Broxbourne will change.
E14000607,Broxtowe,Broxtowe,83.0%,84.5%,"Broxtowe will be split between 2 successor constituencies, with the bulk of the population remaining in the Broxtowe seat."
E14000608,Buckingham,Buckingham and Bletchley,39.5%,41.7%,Buckingham will be split between 3 successor constituencies.
E14000609,Burnley,Burnley,100.0%,86.4%,Burnley will have its area enlarged.
E14000610,Burton,Burton and Uttoxeter,100.0%,100.0%,Burton will have unchanged boundaries but be renamed Burton and Uttoxeter.
E14000611,Bury North,Bury North,100.0%,89.0%,Bury North will have its area enlarged.
E14000612,Bury South,Bury South,88.9%,85.0%,The boundaries of Bury South will change.
E14000613,Bury St Edmunds,Bury St Edmunds and Stowmarket,77.5%,89.6%,"Bury St Edmunds will be split between 4 successor constituencies, with the bulk of the population moving to the new Bury St Edmunds and Stowmarket seat."
E14000614,Calder Valley,Calder Valley,96.6%,100.0%,Calder Valley will have its area reduced.
E14000615,Camberwell and Peckham,Peckham,65.6%,77.7%,Camberwell and Peckham will be split between five successor constituencies.
E14000616,Camborne and Redruth,Camborne and Redruth,92.9%,89.5%,The boundaries of Camborne and Redruth will change.
E14000617,Cambridge,Cambridge,92.8%,100.0%,Cambridge will have its area reduced.
E14000618,Cannock Chase,Cannock Chase,100.0%,100.0%,Cannock Chase will be unchanged.
E14000619,Canterbury,Canterbury,94.6%,100.0%,Canterbury will have its area reduced.
E14000620,Carlisle,Carlisle,91.7%,78.8%,"Carlisle will be split between 2 successor constituencies, with the bulk of the population remaining in the Carlisle seat."
E14000621,Carshalton and Wallington,Carshalton and Wallington,100.0%,99.7%,Carshalton and Wallington will have a small change to its boundaries.
E14000622,Castle Point,Castle Point,100.0%,97.9%,Castle Point will have its area enlarged.
E14000623,Central Devon,Central Devon,97.4%,99.8%,The boundaries of Central Devon will change.
E14000624,Central Suffolk and North Ipswich,Central Suffolk and North Ipswich,82.3%,90.2%,"Central Suffolk and North Ipswich will be split between 2 successor constituencies, with the bulk of the population remaining in the Central Suffolk and North Ipswich seat."
E14000625,Charnwood,Mid Leicestershire,67.4%,69.6%,"Charnwood will be split between 2 successor constituencies, with the bulk of the population moving to the new Mid Leicestershire seat."
E14000626,Chatham and Aylesford,Chatham and Aylesford,89.9%,87.1%,The boundaries of Chatham and Aylesford will change.
E14000627,Cheadle,Cheadle,100.0%,100.0%,Cheadle will be unchanged.
E14000628,Chelmsford,Chelmsford,95.0%,100.0%,Chelmsford will have its area reduced.
E14000629,Chelsea and Fulham,Chelsea and Fulham,96.1%,81.8%,The boundaries of Chelsea and Fulham will change.
E14000630,Cheltenham,Cheltenham,93.5%,100.0%,Cheltenham will have its area reduced.
E14000631,Chesham and Amersham,Chesham and Amersham,83.7%,81.7%,"Chesham and Amersham will be split between 2 successor constituencies, with the bulk of the population remaining in the Chesham and Amersham seat."
E14000632,Chesterfield,Chesterfield,100.0%,100.0%,Chesterfield will be unchanged.
E14000633,Chichester,Chichester,76.5%,84.0%,"Chichester will be split between 2 successor constituencies, with the bulk of the population remaining in the Chichester seat."
E14000634,Chingford and Woodford Green,Chingford and Woodford Green,96.3%,83.2%,The boundaries of Chingford and Woodford Green will change.
E14000635,Chippenham,Chippenham,48.6%,50.4%,Chippenham will be split between 4 successor constituencies.
E14000636,Chipping Barnet,Chipping Barnet,83.2%,86.6%,"Chipping Barnet will be split between 3 successor constituencies, with the bulk of the population remaining in the Chipping Barnet seat."
E14000637,Chorley,Chorley,96.1%,100.0%,Chorley will have its area reduced.
E14000638,Christchurch,Christchurch,98.6%,98.3%,The boundaries of Christchurch will change.
E14000639,Cities of London and Westminster,Cities of London and Westminster,97.7%,82.3%,The boundaries of Cities of London and Westminster will change.
E14000640,City of Chester,Chester North and Neston,73.4%,78.2%,"City of Chester will be split between 3 successor constituencies, with the bulk of the population moving to the new Chester North and Neston seat."
E14000641,City of Durham,City of Durham,86.2%,85.1%,"City of Durham will be split between 3 successor constituencies, with the bulk of the population remaining in the City of Durham seat."
E14000642,Clacton,Clacton,100.0%,92.6%,Clacton will have its area enlarged.
E14000643,Cleethorpes,Brigg and Immingham,65.3%,67.7%,Cleethorpes will be split between 2 successor constituencies.
E14000644,Colchester,Colchester,91.7%,99.4%,The boundaries of Colchester will change.
E14000645,Colne Valley,Colne Valley,82.4%,100.0%,Colne Valley will have its area reduced.
E14000646,Congleton,Congleton,86.1%,99.7%,The boundaries of Congleton will change.
E14000647,Copeland,Whitehaven and Workington,76.9%,63.2%,"Copeland will be split between 3 successor constituencies, with the bulk of the population moving to the new Whitehaven and Workington seat."
E14000648,Corby,Corby and East Northamptonshire,90.0%,100.0%,Corby will have its area reduced and be renamed Corby and East Northamptonshire.
E14000649,Coventry North East,Coventry East,80.8%,85.0%,"Coventry North East will be split between 2 successor constituencies, with the bulk of the population moving to the new Coventry East seat."
E14000650,Coventry North West,Coventry North West,100.0%,100.0%,Coventry North West will be unchanged.
E14000651,Coventry South,Coventry South,84.4%,80.0%,The boundaries of Coventry South will change.
E14000652,Crawley,Crawley,100.0%,100.0%,Crawley will be unchanged.
E14000653,Crewe and Nantwich,Crewe and Nantwich,95.0%,99.1%,The boundaries of Crewe and Nantwich will change.
E14000654,Croydon Central,Croydon East,80.1%,91.0%,"Croydon Central will be split between 3 successor constituencies, with the bulk of the population moving to the new Croydon East seat."
E14000655,Croydon North,Croydon West,60.9%,72.9%,Croydon North will be split between 2 successor constituencies.
E14000656,Croydon South,Croydon South,78.1%,92.2%,"Croydon South will be split between 3 successor constituencies, with the bulk of the population remaining in the Croydon South seat."
E14000657,Dagenham and Rainham,Dagenham and Rainham,89.5%,87.0%,The boundaries of Dagenham and Rainham will change.
E14000658,Darlington,Darlington,100.0%,94.7%,Darlington will have its area enlarged.
E14000659,Dartford,Dartford,88.7%,100.0%,Dartford will have its area reduced.
E14000660,Daventry,Daventry,91.3%,93.2%,The boundaries of Daventry will change.
E14000661,Denton and Reddish,Gorton and Denton,38.3%,29.6%,Denton and Reddish will be split between 3 successor constituencies.
E14000662,Derby North,Derby North,100.0%,100.0%,Derby North will be unchanged.
E14000663,Derby South,Derby South,100.0%,100.0%,Derby South will be unchanged.
E14000664,Derbyshire Dales,Derbyshire Dales,95.0%,85.9%,The boundaries of Derbyshire Dales will change.
E14000665,Devizes,East Wiltshire,66.5%,68.2%,Devizes will be split between 3 successor constituencies.
E14000666,Dewsbury,Dewsbury and Batley,57.0%,62.4%,Dewsbury will be split between 3 successor constituencies.
E14000667,Don Valley,Doncaster East and the Isle of Axholme,64.4%,69.9%,Don Valley will be split between 3 successor constituencies.
E14000668,Doncaster Central,Doncaster Central,97.0%,93.0%,The boundaries of Doncaster Central will change.
E14000669,Doncaster North,Doncaster North,94.5%,96.6%,The boundaries of Doncaster North will change.
E14000670,Dover,Dover and Deal,100.0%,99.0%,Dover will have a small change to its boundaries and be renamed Dover and Deal.
E14000671,Dudley North,Dudley,100.0%,85.4%,Dudley North will have its area enlarged and be renamed Dudley
E14000672,Dudley South,Kingswinford and South Staffordshire,45.3%,41.7%,Dudley South will be split between 3 successor constituencies.
E14000673,Dulwich and West Norwood,Dulwich and West Norwood,85.7%,91.1%,"Dulwich and West Norwood will be split between 2 successor constituencies, with the bulk of the population remaining in the Dulwich and West Norwood seat."
E14000674,Ealing Central and Acton,Ealing Central and Acton,88.6%,86.4%,The boundaries of Ealing Central and Acton will change.
E14000675,Ealing North,Ealing North,98.3%,100.0%,Ealing North will have a small change to its boundaries.
E14000676,"Ealing, Southall",Ealing Southall,100.0%,86.5%,"Ealing, Southall will have its area enlarged and be renamed Ealing Southall"
E14000677,Easington,Easington,100.0%,87.5%,Easington will have its area enlarged.
E14000678,East Devon,Exmouth and Exeter East,74.6%,83.5%,"East Devon will be split between 3 successor constituencies, with the bulk of the population moving to the new Exmouth and Exeter East seat."
E14000679,East Ham,East Ham,78.5%,100.0%,East Ham will have its area reduced.
E14000680,East Hampshire,East Hampshire,64.5%,73.2%,East Hampshire will be split between 2 successor constituencies.
E14000681,East Surrey,East Surrey,76.2%,88.6%,"East Surrey will be split between 2 successor constituencies, with the bulk of the population remaining in the East Surrey seat."
E14000682,East Worthing and Shoreham,East Worthing and Shoreham,100.0%,100.0%,East Worthing and Shoreham will be unchanged.
E14000683,East Yorkshire,Bridlington and The Wolds,78.7%,88.7%,"East Yorkshire will be split between 2 successor constituencies, with the bulk of the population moving to the new Bridlington and The Wolds seat."
E14000684,Eastbourne,Eastbourne,93.1%,100.0%,Eastbourne will have its area reduced.
E14000685,Eastleigh,Eastleigh,57.4%,70.8%,Eastleigh will be split between 2 successor constituencies.
E14000686,Eddisbury,Chester South and Eddisbury,54.9%,57.6%,Eddisbury will be split between five successor constituencies.
E14000687,Edmonton,Edmonton and Winchmore Hill,82.2%,76.5%,"Edmonton will be split between 3 successor constituencies, with the bulk of the population moving to the new Edmonton and Winchmore Hill seat."
E14000688,Ellesmere Port and Neston,Ellesmere Port and Bromborough,70.2%,68.1%,"Ellesmere Port and Neston will be split between 3 successor constituencies, with the bulk of the population moving to the new Ellesmere Port and Bromborough seat."
E14000689,Elmet and Rothwell,Wetherby and Easingwold,38.5%,43.9%,Elmet and Rothwell will be split between 4 successor constituencies.
E14000690,Eltham,Eltham and Chislehurst,85.8%,75.5%,"Eltham will be split between 2 successor constituencies, with the bulk of the population moving to the new Eltham and Chislehurst seat."
E14000691,Enfield North,Enfield North,97.4%,83.3%,The boundaries of Enfield North will change.
E14000692,"Enfield, Southgate",Southgate and Wood Green,68.5%,54.9%,"Enfield, Southgate will be split between 3 successor constituencies, with the bulk of the population moving to the new Southgate and Wood Green seat."
E14000693,Epping Forest,Epping Forest,100.0%,100.0%,Epping Forest will be unchanged.
E14000694,Epsom and Ewell,Epsom and Ewell,85.7%,88.8%,"Epsom and Ewell will be split between 2 successor constituencies, with the bulk of the population remaining in the Epsom and Ewell seat."
E14000695,Erewash,Erewash,100.0%,100.0%,Erewash will be unchanged.
E14000696,Erith and Thamesmead,Erith and Thamesmead,85.2%,74.6%,"Erith and Thamesmead will be split between 2 successor constituencies, with the bulk of the population remaining in the Erith and Thamesmead seat."
E14000697,Esher and Walton,Esher and Walton,83.4%,93.8%,"Esher and Walton will be split between 2 successor constituencies, with the bulk of the population remaining in the Esher and Walton seat."
E14000698,Exeter,Exeter,87.6%,99.2%,The boundaries of Exeter will change.
E14000699,Fareham,Fareham and Waterlooville,53.5%,54.3%,Fareham will be split between 2 successor constituencies.
E14000700,Faversham and Mid Kent,Faversham and Mid Kent,88.1%,90.2%,"Faversham and Mid Kent will be split between 2 successor constituencies, with the bulk of the population remaining in the Faversham and Mid Kent seat."
E14000701,Feltham and Heston,Feltham and Heston,92.3%,100.0%,Feltham and Heston will have its area reduced.
E14000702,Filton and Bradley Stoke,Filton and Bradley Stoke,83.4%,82.5%,"Filton and Bradley Stoke will be split between 3 successor constituencies, with the bulk of the population remaining in the Filton and Bradley Stoke seat."
E14000703,Finchley and Golders Green,Finchley and Golders Green,99.8%,99.7%,Finchley and Golders Green will have a small change to its boundaries.
E14000704,Folkestone and Hythe,Folkestone and Hythe,79.7%,100.0%,Folkestone and Hythe will have its area reduced.
E14000705,Forest of Dean,Forest of Dean,100.0%,100.0%,Forest of Dean will be unchanged.
E14000706,Fylde,Fylde,91.9%,84.5%,The boundaries of Fylde will change.
E14000707,Gainsborough,Gainsborough,97.3%,100.0%,Gainsborough will have its area reduced.
E14000708,Garston and Halewood,Liverpool Garston,79.5%,85.6%,"Garston and Halewood will be split between 2 successor constituencies, with the bulk of the population moving to the new Liverpool Garston seat."
E14000709,Gateshead,Gateshead Central and Whickham,79.9%,74.8%,"Gateshead will be split between 2 successor constituencies, with the bulk of the population moving to the new Gateshead Central and Whickham seat."
E14000710,Gedling,Gedling,100.0%,93.7%,Gedling will have its area enlarged.
E14000711,Gillingham and Rainham,Gillingham and Rainham,100.0%,100.0%,Gillingham and Rainham will be unchanged.
E14000712,Gloucester,Gloucester,94.7%,100.0%,Gloucester will have its area reduced.
E14000713,Gosport,Gosport,100.0%,100.0%,Gosport will be unchanged.
E14000714,Grantham and Stamford,Grantham and Bourne,66.0%,75.3%,Grantham and Stamford will be split between 2 successor constituencies.
E14000715,Gravesham,Gravesham,100.0%,100.0%,Gravesham will be unchanged.
E14000716,Great Grimsby,Great Grimsby and Cleethorpes,86.8%,69.6%,"Great Grimsby will be split between 2 successor constituencies, with the bulk of the population moving to the new Great Grimsby and Cleethorpes seat."
E14000717,Great Yarmouth,Great Yarmouth,100.0%,100.0%,Great Yarmouth will be unchanged.
E14000718,Greenwich and Woolwich,Greenwich and Woolwich,86.5%,100.0%,Greenwich and Woolwich will have its area reduced.
E14000719,Guildford,Guildford,74.8%,81.9%,"Guildford will be split between 3 successor constituencies, with the bulk of the population remaining in the Guildford seat."
E14000720,Hackney North and Stoke Newington,Hackney North and Stoke Newington,76.7%,88.5%,"Hackney North and Stoke Newington will be split between 3 successor constituencies, with the bulk of the population remaining in the Hackney North and Stoke Newington seat."
E14000721,Hackney South and Shoreditch,Hackney South and Shoreditch,81.9%,90.9%,"Hackney South and Shoreditch will be split between 3 successor constituencies, with the bulk of the population remaining in the Hackney South and Shoreditch seat."
E14000722,Halesowen and Rowley Regis,Halesowen,72.7%,71.1%,"Halesowen and Rowley Regis will be split between 3 successor constituencies, with the bulk of the population moving to the new Halesowen seat."
E14000723,Halifax,Halifax,100.0%,96.7%,Halifax will have its area enlarged.
E14000724,Haltemprice and Howden,Goole and Pocklington,54.4%,47.6%,Haltemprice and Howden will be split between 3 successor constituencies.
E14000725,Halton,Widnes and Halewood,65.8%,69.5%,Halton will be split between 2 successor constituencies.
E14000726,Hammersmith,Hammersmith and Chiswick,67.5%,68.4%,"Hammersmith will be split between 3 successor constituencies, with the bulk of the population moving to the new Hammersmith and Chiswick seat."
E14000727,Hampstead and Kilburn,Hampstead and Highgate,64.8%,71.3%,"Hampstead and Kilburn will be split between 4 successor constituencies, with the bulk of the population moving to the new Hampstead and Highgate seat."
E14000728,Harborough,"Harborough, Oadby and Wigston",92.3%,99.6%,"The boundaries of Harborough will change, and it will be renamed Harborough, Oadby and Wigston."
E14000729,Harlow,Harlow,100.0%,93.9%,Harlow will have its area enlarged.
E14000730,Harrogate and Knaresborough,Harrogate and Knaresborough,95.2%,98.5%,The boundaries of Harrogate and Knaresborough will change.
E14000731,Harrow East,Harrow East,90.0%,84.6%,The boundaries of Harrow East will change.
E14000732,Harrow West,Harrow West,94.3%,90.9%,The boundaries of Harrow West will change.
E14000733,Hartlepool,Hartlepool,100.0%,100.0%,Hartlepool will be unchanged.
E14000734,Harwich and North Essex,Harwich and North Essex,91.7%,89.5%,The boundaries of Harwich and North Essex will change.
E14000735,Hastings and Rye,Hastings and Rye,94.5%,98.5%,The boundaries of Hastings and Rye will change.
E14000736,Havant,Havant,100.0%,100.0%,Havant will be unchanged.
E14000737,Hayes and Harlington,Hayes and Harlington,100.0%,100.0%,Hayes and Harlington will have a small change to its boundaries.
E14000738,Hazel Grove,Hazel Grove,100.0%,85.1%,Hazel Grove will have its area enlarged.
E14000739,Hemel Hempstead,Hemel Hempstead,87.2%,90.8%,"Hemel Hempstead will be split between 3 successor constituencies, with the bulk of the population remaining in the Hemel Hempstead seat."
E14000740,Hemsworth,Normanton and Hemsworth,85.4%,83.2%,"Hemsworth will be split between 2 successor constituencies, with the bulk of the population moving to the new Normanton and Hemsworth seat."
E14000741,Hendon,Hendon,89.8%,100.0%,Hendon will have its area reduced.
E14000742,Henley,Henley and Thame,91.8%,100.0%,Henley will have its area reduced and be renamed Henley and Thame.
E14000743,Hereford and South Herefordshire,Hereford and South Herefordshire,98.5%,99.6%,Hereford and South Herefordshire will have a small change to its boundaries.
E14000744,Hertford and Stortford,Hertford and Stortford,91.8%,100.0%,Hertford and Stortford will have its area reduced.
E14000745,Hertsmere,Hertsmere,92.6%,94.3%,The boundaries of Hertsmere will change.
E14000746,Hexham,Hexham,100.0%,83.0%,Hexham will have its area enlarged.
E14000747,Heywood and Middleton,Heywood and Middleton North,81.1%,88.5%,"Heywood and Middleton will be split between 2 successor constituencies, with the bulk of the population moving to the new Heywood and Middleton North seat."
E14000748,High Peak,High Peak,100.0%,100.0%,High Peak will be unchanged.
E14000749,Hitchin and Harpenden,Hitchin,53.1%,55.7%,Hitchin and Harpenden will be split between 2 successor constituencies.
E14000750,Holborn and St Pancras,Holborn and St Pancras,83.6%,99.8%,Holborn and St Pancras will have its area reduced.
E14000751,Hornchurch and Upminster,Hornchurch and Upminster,95.5%,100.0%,Hornchurch and Upminster will have its area reduced.
E14000752,Hornsey and Wood Green,Hornsey and Friern Barnet,55.4%,67.0%,Hornsey and Wood Green will be split between 4 successor constituencies.
E14000753,Horsham,Horsham,83.4%,94.7%,"Horsham will be split between 2 successor constituencies, with the bulk of the population remaining in the Horsham seat."
E14000754,Houghton and Sunderland South,Houghton and Sunderland South,100.0%,89.3%,Houghton and Sunderland South will have its area enlarged.
E14000755,Hove,Hove and Portslade,100.0%,100.0%,Hove will have unchanged boundaries but be renamed Hove and Portslade.
E14000756,Huddersfield,Huddersfield,96.2%,82.3%,The boundaries of Huddersfield will change.
E14000757,Huntingdon,Huntingdon,63.6%,72.1%,Huntingdon will be split between 2 successor constituencies.
E14000758,Hyndburn,Hyndburn,100.0%,100.0%,Hyndburn will be unchanged.
E14000759,Ilford North,Ilford North,79.0%,76.2%,"Ilford North will be split between 3 successor constituencies, with the bulk of the population remaining in the Ilford North seat."
E14000760,Ilford South,Ilford South,80.4%,90.7%,"Ilford South will be split between 3 successor constituencies, with the bulk of the population remaining in the Ilford South seat."
E14000761,Ipswich,Ipswich,100.0%,100.0%,Ipswich will be unchanged.
E14000762,Isle of Wight,Isle of Wight West,50.4%,100.0%,Isle of Wight will be split between 2 successor constituencies.
E14000763,Islington North,Islington North,100.0%,100.0%,Islington North will be unchanged.
E14000764,Islington South and Finsbury,Islington South and Finsbury,100.0%,92.1%,Islington South and Finsbury will have its area enlarged.
E14000765,Jarrow,Jarrow and Gateshead East,90.0%,80.4%,"Jarrow will be split between 2 successor constituencies, with the bulk of the population moving to the new Jarrow and Gateshead East seat."
E14000766,Keighley,Keighley and Ilkley,100.0%,100.0%,Keighley will have a small change to its boundaries and be renamed Keighley and Ilkley.
E14000767,Kenilworth and Southam,Kenilworth and Southam,91.9%,90.3%,The boundaries of Kenilworth and Southam will change.
E14000768,Kensington,Kensington and Bayswater,98.7%,79.4%,Kensington will have its area enlarged and renamed Kensington and Bayswater.
E14000769,Kettering,Kettering,100.0%,95.7%,Kettering will have its area enlarged.
E14000770,Kingston and Surbiton,Kingston and Surbiton,84.7%,91.4%,The boundaries of Kingston and Surbiton will change.
E14000771,Kingston upon Hull East,Kingston upon Hull East,96.6%,85.4%,The boundaries of Kingston upon Hull East will change.
E14000772,Kingston upon Hull North,Kingston upon Hull North and Cottingham,85.1%,74.4%,"Kingston upon Hull North will be split between 2 successor constituencies, with the bulk of the population moving to the new Kingston upon Hull North and Cottingham seat."
E14000773,Kingston upon Hull West and Hessle,Kingston upon Hull West and Haltemprice,90.1%,77.4%,"Kingston upon Hull West and Hessle will be split between 2 successor constituencies, with the bulk of the population moving to the new Kingston upon Hull West and Haltemprice seat."
E14000774,Kingswood,North East Somerset and Hanham,45.6%,43.6%,Kingswood will be split between 4 successor constituencies.
E14000775,Knowsley,Knowsley,81.2%,96.6%,The boundaries of Knowsley will change.
E14000776,Lancaster and Fleetwood,Lancaster and Wyre,66.0%,61.7%,Lancaster and Fleetwood will be split between 3 successor constituencies.
E14000777,Leeds Central,Leeds South,73.0%,89.1%,Leeds Central will be split between 2 successor constituencies with a very small portion going to a third constituency.
E14000778,Leeds East,Leeds East,87.4%,81.5%,"Leeds East will be split between 3 successor constituencies, with the bulk of the population remaining in the Leeds East seat."
E14000779,Leeds North East,Leeds North East,100.0%,100.0%,Leeds North East will have a small change to its boundaries.
E14000780,Leeds North West,Leeds North West,50.1%,47.2%,Leeds North West will be split between 2 successor constituencies.
E14000781,Leeds West,Leeds West and Pudsey,52.3%,51.4%,Leeds West will be split between 3 successor constituencies.
E14000782,Leicester East,Leicester East,98.0%,100.0%,Leicester East will have its area reduced.
E14000783,Leicester South,Leicester South,90.7%,97.9%,The boundaries of Leicester South will change.
E14000784,Leicester West,Leicester West,100.0%,90.5%,Leicester West will have its area enlarged.
E14000785,Leigh,Leigh and Atherton,84.8%,85.6%,"Leigh will be split between 3 successor constituencies, with the bulk of the population moving to the new Leigh and Atherton seat."
E14000786,Lewes,Lewes,88.3%,84.5%,"Lewes will be split between 2 successor constituencies, with the bulk of the population remaining in the Lewes seat."
E14000787,Lewisham East,Lewisham East,86.7%,80.7%,"Lewisham East will be split between 2 successor constituencies, with the bulk of the population remaining in the Lewisham East seat."
E14000788,Lewisham West and Penge,Lewisham West and East Dulwich,45.4%,51.0%,Lewisham West and Penge will be split between 3 successor constituencies.
E14000789,"Lewisham, Deptford",Lewisham North,80.2%,87.6%,"Lewisham, Deptford will be split between 3 successor constituencies, with the bulk of the population moving to the new Lewisham North seat."
E14000790,Leyton and Wanstead,Leyton and Wanstead,100.0%,91.8%,Leyton and Wanstead will have its area enlarged.
E14000791,Lichfield,Lichfield,97.1%,99.5%,The boundaries of Lichfield will change.
E14000792,Lincoln,Lincoln,100.0%,100.0%,Lincoln will be almost unchanged.
E14000793,"Liverpool, Riverside",Liverpool Riverside,68.3%,72.7%,"Liverpool, Riverside will be split between 2 successor constituencies, with the bulk of the population remaining in the Liverpool Riverside seat."
E14000794,"Liverpool, Walton",Liverpool Walton,65.5%,60.0%,"Liverpool, Walton will be split between 2 successor constituencies."
E14000795,"Liverpool, Wavertree",Liverpool Wavertree,68.3%,61.3%,"Liverpool, Wavertree will be split between 3 successor constituencies, with the bulk of the population remaining in the Liverpool Wavertree seat."
E14000796,"Liverpool, West Derby",Liverpool West Derby,64.1%,62.4%,"Liverpool, West Derby will be split between 2 successor constituencies, with the bulk of the population moving to the new Liverpool West Derby seat."
E14000797,Loughborough,Loughborough,92.3%,100.0%,Loughborough will have its area reduced.
E14000798,Louth and Horncastle,Louth and Horncastle,92.9%,96.8%,The boundaries of Louth and Horncastle will change.
E14000799,Ludlow,South Shropshire,100.0%,89.9%,Ludlow will have its area enlarged and be renamed South Shropshire
E14000800,Luton North,Luton North,100.0%,93.9%,Luton North will have its area enlarged.
E14000801,Luton South,Luton South and South Bedfordshire,94.0%,94.1%,"The boundaries of Luton South will change, and it will be renamed Luton South and South Bedfordshire."
E14000802,Macclesfield,Macclesfield,100.0%,100.0%,Macclesfield will be unchanged.
E14000803,Maidenhead,Maidenhead,75.4%,78.1%,"Maidenhead will be split between 3 successor constituencies, with the bulk of the population remaining in the Maidenhead seat."
E14000804,Maidstone and The Weald,Maidstone and Malling,67.4%,70.1%,"Maidstone and The Weald will be split between 2 successor constituencies, with the bulk of the population moving to the new Maidstone and Malling seat."
E14000805,Makerfield,Makerfield,100.0%,96.6%,Makerfield will have a small change to its boundaries.
E14000806,Maldon,Maldon,100.0%,94.3%,Maldon will have its area enlarged.
E14000807,Manchester Central,Manchester Central,50.6%,64.7%,Manchester Central will be split between 3 successor constituencies.
E14000808,"Manchester, Gorton",Gorton and Denton,55.2%,58.4%,"Manchester, Gorton will be split between 3 successor constituencies."
E14000809,"Manchester, Withington",Manchester Withington,86.4%,95.2%,"The boundaries of Manchester, Withington will change."
E14000810,Mansfield,Mansfield,95.3%,100.0%,Mansfield will have its area reduced.
E14000811,Meon Valley,Fareham and Waterlooville,46.0%,45.7%,Meon Valley will be split between 4 successor constituencies.
E14000812,Meriden,Meriden and Solihull East,65.1%,75.0%,Meriden will be split between 3 successor constituencies.
E14000813,Mid Bedfordshire,Mid Bedfordshire,81.0%,100.0%,The boundaries of Mid Bedfordshire will change.
E14000814,Mid Derbyshire,Mid Derbyshire,100.0%,95.4%,The boundaries of Mid Derbyshire will change.
E14000815,Mid Dorset and North Poole,Mid Dorset and North Poole,100.0%,88.7%,Mid Dorset and North Poole will have its area enlarged.
E14000816,Mid Norfolk,Mid Norfolk,81.7%,94.7%,"Mid Norfolk will be split between 3 successor constituencies, with the bulk of the population remaining in the Mid Norfolk seat."
E14000817,Mid Sussex,Mid Sussex,70.1%,82.4%,"Mid Sussex will be split between 2 successor constituencies, with the bulk of the population remaining in the Mid Sussex seat."
E14000818,Mid Worcestershire,Droitwich and Evesham,94.7%,100.0%,Mid Worcestershire will have its area reduced and be renamed Droitwich and Evesham.
E14000819,Middlesbrough,Middlesbrough and Thornaby East,94.7%,82.6%,"The boundaries of Middlesbrough will change, and it will be renamed Middlesbrough and Thornaby East."
E14000820,Middlesbrough South and East Cleveland,Middlesbrough South and East Cleveland,91.0%,94.5%,The boundaries of Middlesbrough South and East Cleveland will change.
E14000821,Milton Keynes North,Milton Keynes North,56.4%,79.3%,Milton Keynes North will be split between 2 successor constituencies.
E14000822,Milton Keynes South,Milton Keynes Central,44.1%,51.5%,Milton Keynes South will be split between 3 successor constituencies.
E14000823,Mitcham and Morden,Mitcham and Morden,100.0%,92.1%,Mitcham and Morden will have its area enlarged.
E14000824,Mole Valley,Dorking and Horley,62.6%,64.5%,Mole Valley will be split between 4 successor constituencies.
E14000825,Morecambe and Lunesdale,Morecambe and Lunesdale,84.2%,76.5%,"Morecambe and Lunesdale will be split between 2 successor constituencies, with the bulk of the population remaining in the Morecambe and Lunesdale seat."
E14000826,Morley and Outwood,Leeds South West and Morley,67.2%,73.4%,"Morley and Outwood will be split between 3 successor constituencies, with the bulk of the population moving to the new Leeds South West and Morley seat."
E14000827,New Forest East,New Forest East,100.0%,100.0%,New Forest East will be unchanged.
E14000828,New Forest West,New Forest West,100.0%,100.0%,New Forest West will be unchanged.
E14000829,Newark,Newark,93.9%,93.5%,The boundaries of Newark will change.
E14000830,Newbury,Newbury,86.1%,100.0%,Newbury will have its area reduced.
E14000831,Newcastle upon Tyne Central,Newcastle upon Tyne Central and West,83.1%,65.9%,"Newcastle upon Tyne Central will be split between 2 successor constituencies, with the bulk of the population moving to the new Newcastle upon Tyne Central and West seat."
E14000832,Newcastle upon Tyne East,Newcastle upon Tyne East and Wallsend,69.8%,60.0%,"Newcastle upon Tyne East will be split between 3 successor constituencies, with the bulk of the population moving to the new Newcastle upon Tyne East and Wallsend seat."
E14000833,Newcastle upon Tyne North,Newcastle upon Tyne North,42.6%,38.9%,Newcastle upon Tyne North will be split between 4 successor constituencies.
E14000834,Newcastle-under-Lyme,Newcastle-under-Lyme,100.0%,95.5%,Newcastle-under-Lyme will have its area enlarged.
E14000835,Newton Abbot,Newton Abbot,99.8%,100.0%,Newton Abbot will have a small change to its boundaries.
E14000836,"Normanton, Pontefract and Castleford","Pontefract, Castleford and Knottingley",85.3%,100.0%,"Normanton, Pontefract and Castleford will have its area reduced and be renamed Pontefract, Castleford and Knottingley."
E14000837,North Cornwall,North Cornwall,100.0%,93.8%,North Cornwall will have its area enlarged.
E14000838,North Devon,North Devon,100.0%,100.0%,North Devon will be unchanged.
E14000839,North Dorset,North Dorset,92.8%,97.8%,The boundaries of North Dorset will change.
E14000840,North Durham,North Durham,100.0%,92.0%,North Durham will have its area enlarged.
E14000841,North East Bedfordshire,North Bedfordshire,78.9%,93.8%,"North East Bedfordshire will be split between 3 successor constituencies, with the bulk of the population moving to the new North Bedfordshire seat."
E14000842,North East Cambridgeshire,North East Cambridgeshire,84.8%,100.0%,North East Cambridgeshire will have its area reduced.
E14000843,North East Derbyshire,North East Derbyshire,99.5%,99.7%,North East Derbyshire will have a small change to its boundaries.
E14000844,North East Hampshire,North East Hampshire,87.4%,91.7%,"North East Hampshire will be split between 4 successor constituencies, with the bulk of the population remaining in the North East Hampshire seat."
E14000845,North East Hertfordshire,North East Hertfordshire,100.0%,100.0%,North East Hertfordshire will have a small change to its boundaries.
E14000846,North East Somerset,North East Somerset and Hanham,54.8%,56.4%,North East Somerset will be split between 3 successor constituencies.
E14000847,North Herefordshire,North Herefordshire,99.6%,98.4%,North Herefordshire will have a small change to its boundaries.
E14000848,North Norfolk,North Norfolk,100.0%,98.5%,North Norfolk will have its area enlarged.
E14000849,North Shropshire,North Shropshire,91.6%,100.0%,North Shropshire will have its area reduced.
E14000850,North Somerset,North Somerset,91.3%,100.0%,North Somerset will have its area reduced.
E14000851,North Swindon,Swindon North,87.8%,100.0%,North Swindon will have its area reduced and be renamed Swindon North.
E14000852,North Thanet,Herne Bay and Sandwich,80.1%,80.3%,"North Thanet will be split between 3 successor constituencies, with the bulk of the population moving to the new Herne Bay and Sandwich seat."
E14000853,North Tyneside,Newcastle upon Tyne East and Wallsend,42.7%,40.0%,North Tyneside will be split between 4 successor constituencies.
E14000854,North Warwickshire,North Warwickshire and Bedworth,100.0%,100.0%,North Warwickshire will have unchanged boundaries but be renamed North Warwickshire and Bedworth.
E14000855,North West Cambridgeshire,North West Cambridgeshire,78.9%,98.7%,"North West Cambridgeshire will be split between 3 successor constituencies, with the bulk of the population remaining in the North West Cambridgeshire seat."
E14000856,North West Durham,Blaydon and Consett,49.5%,50.7%,North West Durham will be split between 4 successor constituencies.
E14000857,North West Hampshire,North West Hampshire,81.6%,86.4%,"North West Hampshire will be split between 4 successor constituencies, with the bulk of the population remaining in the North West Hampshire seat."
E14000858,North West Leicestershire,North West Leicestershire,94.9%,100.0%,North West Leicestershire will have its area reduced.
E14000859,North West Norfolk,North West Norfolk,99.4%,95.1%,The boundaries of North West Norfolk will change.
E14000860,North Wiltshire,Chippenham,47.8%,48.8%,North Wiltshire will be split between 3 successor constituencies.
E14000861,Northampton North,Northampton North,96.3%,70.0%,Northampton North will have its area enlarged and have an additional small boundary change.
E14000862,Northampton South,Northampton South,63.9%,61.9%,Northampton South will be split between 2 successor constituencies.
E14000863,Norwich North,Norwich North,100.0%,92.9%,Norwich North will have its area enlarged.
E14000864,Norwich South,Norwich South,98.4%,99.1%,Norwich South will have a small change to its boundaries.
E14000865,Nottingham East,Nottingham East,100.0%,88.2%,Nottingham East will have its area enlarged.
E14000866,Nottingham North,Nottingham North and Kimberley,83.0%,75.8%,"Nottingham North will be split between 3 successor constituencies, with the bulk of the population moving to the new Nottingham North and Kimberley seat."
E14000867,Nottingham South,Nottingham South,79.2%,84.5%,"Nottingham South will be split between 3 successor constituencies, with the bulk of the population remaining in the Nottingham South seat."
E14000868,Nuneaton,Nuneaton,100.0%,100.0%,Nuneaton will be unchanged.
E14000869,Old Bexley and Sidcup,Old Bexley and Sidcup,100.0%,88.7%,Old Bexley and Sidcup will have its area enlarged.
E14000870,Oldham East and Saddleworth,Oldham East and Saddleworth,100.0%,100.0%,Oldham East and Saddleworth will be unchanged.
E14000871,Oldham West and Royton,"Oldham West, Chadderton and Royton",100.0%,100.0%,"Oldham West and Royton will have unchanged boundaries but be renamed Oldham West, Chadderton and Royton."
E14000872,Orpington,Orpington,86.8%,82.0%,"Orpington will be split between 2 successor constituencies, with the bulk of the population remaining in the Orpington seat."
E14000873,Oxford East,Oxford East,89.4%,100.0%,Oxford East will have its area reduced.
E14000874,Oxford West and Abingdon,Oxford West and Abingdon,81.4%,82.7%,"Oxford West and Abingdon will be split between 3 successor constituencies, with the bulk of the population remaining in the Oxford West and Abingdon seat."
E14000875,Pendle,Pendle and Clitheroe,84.4%,74.3%,"Pendle will be split between 2 successor constituencies, with the bulk of the population moving to the new Pendle and Clitheroe seat."
E14000876,Penistone and Stocksbridge,Penistone and Stocksbridge,100.0%,100.0%,Penistone and Stocksbridge will be almost unchanged.
E14000877,Penrith and The Border,Penrith and Solway,44.5%,38.6%,Penrith and The Border will be split between 3 successor constituencies.
E14000878,Peterborough,Peterborough,98.9%,100.0%,Peterborough will have a small change to its boundaries.
E14000879,"Plymouth, Moor View",Plymouth Moor View,100.0%,94.8%,"Plymouth, Moor View will have its area enlarged and be renamed Plymouth Moor View"
E14000880,"Plymouth, Sutton and Devonport",Plymouth Sutton and Devonport,95.3%,100.0%,"Plymouth, Sutton and Devonport will have its area reduced."
E14000881,Poole,Poole,96.5%,99.3%,The boundaries of Poole will change.
E14000882,Poplar and Limehouse,Poplar and Limehouse,82.9%,100.0%,Poplar and Limehouse will have its area reduced.
E14000883,Portsmouth North,Portsmouth North,100.0%,100.0%,Portsmouth North will be unchanged.
E14000884,Portsmouth South,Portsmouth South,100.0%,100.0%,Portsmouth South will be unchanged.
E14000885,Preston,Preston,99.7%,82.8%,Preston will have its area enlarged.
E14000886,Pudsey,Leeds West and Pudsey,50.0%,48.6%,Pudsey will be split between 2 successor constituencies.
E14000887,Putney,Putney,100.0%,90.5%,Putney will have its area enlarged.
E14000888,Rayleigh and Wickford,Rayleigh and Wickford,96.4%,100.0%,Rayleigh and Wickford will have its area reduced.
E14000889,Reading East,Reading Central,68.7%,71.2%,"Reading East will be split between 2 successor constituencies, with the bulk of the population moving to the new Reading Central seat."
E14000890,Reading West,Reading West and Mid Berkshire,57.1%,67.4%,Reading West will be split between 3 successor constituencies.
E14000891,Redcar,Redcar,100.0%,93.7%,Redcar will have its area enlarged.
E14000892,Redditch,Redditch,100.0%,94.2%,Redditch will have its area enlarged.
E14000893,Reigate,Reigate,86.2%,85.3%,"Reigate will be split between 3 successor constituencies, with the bulk of the population remaining in the Reigate seat."
E14000894,Ribble Valley,Ribble Valley,64.8%,67.4%,Ribble Valley will be split between 3 successor constituencies.
E14000895,Richmond (Yorks),Richmond and Northallerton,88.0%,99.3%,"The boundaries of Richmond (Yorks) will change, and it will be renamed Richmond and Northallerton."
E14000896,Richmond Park,Richmond Park,91.8%,100.0%,Richmond Park will have its area reduced.
E14000897,Rochdale,Rochdale,90.0%,100.0%,Rochdale will have its area reduced.
E14000898,Rochester and Strood,Rochester and Strood,88.3%,100.0%,Rochester and Strood will have its area reduced.
E14000899,Rochford and Southend East,Southend East and Rochford,89.4%,96.4%,"The boundaries of Rochford and Southend East will change, and it will be renamed Southend East and Rochford."
E14000900,Romford,Romford,100.0%,98.5%,Romford will have a small change to its boundaries.
E14000901,Romsey and Southampton North,Romsey and Southampton North,93.2%,86.9%,The boundaries of Romsey and Southampton North will change.
E14000902,Rossendale and Darwen,Rossendale and Darwen,99.4%,97.4%,Rossendale and Darwen will have a small change to its boundaries.
E14000903,Rother Valley,Rother Valley,91.7%,99.0%,The boundaries of Rother Valley will change.
E14000904,Rotherham,Rotherham,99.0%,82.9%,The boundaries of Rotherham will change.
E14000905,Rugby,Rugby,99.5%,98.6%,Rugby will have a small change to its boundaries.
E14000906,"Ruislip, Northwood and Pinner","Ruislip, Northwood and Pinner",83.6%,84.0%,"Ruislip, Northwood and Pinner will be split between 3 successor constituencies, with the bulk of the population remaining in the Ruislip, Northwood and Pinner seat."
E14000907,Runnymede and Weybridge,Runnymede and Weybridge,78.2%,81.9%,"Runnymede and Weybridge will be split between 3 successor constituencies, with the bulk of the population remaining in the Runnymede and Weybridge seat."
E14000908,Rushcliffe,Rushcliffe,98.6%,100.0%,Rushcliffe will have its area reduced.
E14000909,Rutland and Melton,Rutland and Stamford,51.7%,59.3%,Rutland and Melton will be split between 3 successor constituencies.
E14000910,Saffron Walden,North West Essex,88.7%,100.0%,Saffron Walden will have its area reduced and be renamed North West Essex.
E14000911,Salford and Eccles,Salford,80.2%,85.9%,"Salford and Eccles will be split between 2 successor constituencies, with the bulk of the population moving to the new Salford seat."
E14000912,Salisbury,Salisbury,81.9%,88.7%,"Salisbury will be split between 2 successor constituencies, with the bulk of the population remaining in the Salisbury seat."
E14000913,Scarborough and Whitby,Scarborough and Whitby,100.0%,100.0%,Scarborough and Whitby will be unchanged.
E14000914,Scunthorpe,Scunthorpe,100.0%,85.9%,Scunthorpe will have its area enlarged.
E14000915,Sedgefield,Newton Aycliffe and Spennymoor,68.9%,62.5%,"Sedgefield will be split between 4 successor constituencies, with the bulk of the population moving to the new Newton Aycliffe and Spennymoor seat."
E14000916,Sefton Central,Sefton Central,92.1%,86.1%,The boundaries of Sefton Central will change.
E14000917,Selby and Ainsty,Selby,74.0%,77.6%,"Selby and Ainsty will be split between 4 successor constituencies, with the bulk of the population moving to the new Selby seat."
E14000918,Sevenoaks,Sevenoaks,93.8%,92.0%,The boundaries of Sevenoaks will change.
E14000919,Sheffield Central,Sheffield Central,76.3%,100.0%,Sheffield Central will have its area reduced.
E14000920,Sheffield South East,Sheffield South East,100.0%,90.3%,Sheffield South East will have its area enlarged.
E14000921,"Sheffield, Brightside and Hillsborough",Sheffield Brightside and Hillsborough,100.0%,99.1%,"Sheffield, Brightside and Hillsborough will have its area enlarged."
E14000922,"Sheffield, Hallam",Sheffield Hallam,99.5%,94.9%,"Sheffield, Hallam will have a small change to its boundaries."
E14000923,"Sheffield, Heeley",Sheffield Heeley,88.7%,78.1%,"Sheffield, Heeley will be split between 3 successor constituencies, with the bulk of the population moving to the new Sheffield Heeley seat."
E14000924,Sherwood,Sherwood Forest,92.7%,93.8%,"The boundaries of Sherwood will change, and it will be renamed Sherwood Forest."
E14000925,Shipley,Shipley,100.0%,100.0%,Shipley will have a small change to its boundaries.
E14000926,Shrewsbury and Atcham,Shrewsbury,91.3%,100.0%,Shrewsbury and Atcham will have its area reduced and be renamed Shrewsbury.
E14000927,Sittingbourne and Sheppey,Sittingbourne and Sheppey,92.1%,100.0%,Sittingbourne and Sheppey will have its area reduced.
E14000928,Skipton and Ripon,Skipton and Ripon,95.2%,98.6%,The boundaries of Skipton and Ripon will change.
E14000929,Sleaford and North Hykeham,Sleaford and North Hykeham,79.8%,100.0%,Sleaford and North Hykeham will have its area reduced.
E14000930,Slough,Slough,90.4%,100.0%,Slough will have its area reduced.
E14000931,Solihull,Solihull West and Shirley,75.5%,83.1%,"Solihull will be split between 2 successor constituencies, with the bulk of the population moving to the new Solihull West and Shirley seat."
E14000932,Somerton and Frome,Glastonbury and Somerton,54.9%,66.5%,Somerton and Frome will be split between 3 successor constituencies.
E14000933,South Basildon and East Thurrock,South Basildon and East Thurrock,88.0%,89.5%,The boundaries of South Basildon and East Thurrock will change.
E14000934,South Cambridgeshire,South Cambridgeshire,60.5%,71.8%,South Cambridgeshire will be split between 4 successor constituencies.
E14000935,South Derbyshire,South Derbyshire,88.3%,100.0%,South Derbyshire will have its area reduced.
E14000936,South Dorset,South Dorset,98.3%,93.6%,The boundaries of South Dorset will change.
E14000937,South East Cambridgeshire,Ely and East Cambridgeshire,67.5%,76.1%,"South East Cambridgeshire will be split between 3 successor constituencies, with the bulk of the population moving to the new Ely and East Cambridgeshire seat."
E14000938,South East Cornwall,South East Cornwall,99.6%,100.0%,South East Cornwall will have its area reduced.
E14000939,South Holland and The Deepings,South Holland and The Deepings,100.0%,100.0%,South Holland and The Deepings will be unchanged.
E14000940,South Leicestershire,South Leicestershire,84.4%,91.7%,The boundaries of South Leicestershire will change.
E14000941,South Norfolk,South Norfolk,66.2%,80.2%,South Norfolk will be split between 4 successor constituencies.
E14000942,South Northamptonshire,South Northamptonshire,67.9%,84.6%,"South Northamptonshire will be split between 3 successor constituencies, with the bulk of the population remaining in the South Northamptonshire seat."
E14000943,South Ribble,South Ribble,82.9%,86.9%,"South Ribble will be split between 2 successor constituencies, with the bulk of the population remaining in the South Ribble seat."
E14000944,South Shields,South Shields,100.0%,90.6%,South Shields will have its area enlarged.
E14000945,South Staffordshire,Kingswinford and South Staffordshire,54.1%,58.3%,South Staffordshire will be split between 2 successor constituencies.
E14000946,South Suffolk,South Suffolk,95.6%,100.0%,South Suffolk will have its area reduced.
E14000947,South Swindon,Swindon South,87.5%,86.9%,"South Swindon will be split between 2 successor constituencies, with the bulk of the population moving to the new Swindon South seat."
E14000948,South Thanet,East Thanet,85.6%,81.2%,"South Thanet will be split between 3 successor constituencies, with the bulk of the population moving to the new East Thanet seat."
E14000949,South West Bedfordshire,Dunstable and Leighton Buzzard,93.6%,99.7%,"The boundaries of South West Bedfordshire will change, and it will be renamed Dunstable and Leighton Buzzard."
E14000950,South West Devon,South West Devon,95.6%,92.3%,The boundaries of South West Devon will change.
E14000951,South West Hertfordshire,South West Hertfordshire,57.1%,63.8%,South West Hertfordshire will be split between 3 successor constituencies.
E14000952,South West Norfolk,South West Norfolk,91.3%,97.4%,The boundaries of South West Norfolk will change.
E14000953,South West Surrey,Farnham and Bordon,58.8%,63.5%,South West Surrey will be split between 2 successor constituencies.
E14000954,South West Wiltshire,South West Wiltshire,87.6%,94.6%,The boundaries of South West Wiltshire will change.
E14000955,"Southampton, Itchen",Southampton Itchen,100.0%,100.0%,"Southampton, Itchen will be unchanged."
E14000956,"Southampton, Test",Southampton Test,100.0%,100.0%,"Southampton, Test will be unchanged."
E14000957,Southend West,Southend West and Leigh,100.0%,89.1%,Southend West will have its area enlarged and be renamed Southend West and Leigh
E14000958,Southport,Southport,86.4%,82.5%,The boundaries of Southport will change.
E14000959,Spelthorne,Spelthorne,100.0%,100.0%,Spelthorne will be unchanged.
E14000960,St Albans,St Albans,95.9%,100.0%,St Albans will have its area reduced.
E14000961,St Austell and Newquay,St Austell and Newquay,92.2%,99.6%,The boundaries of St Austell and Newquay will change.
E14000962,St Helens North,St Helens North,100.0%,100.0%,St Helens North will be unchanged.
E14000963,St Helens South and Whiston,St Helens South and Whiston,90.0%,100.0%,St Helens South and Whiston will have its area reduced.
E14000964,St Ives,St Ives,100.0%,96.4%,St Ives will have its area enlarged.
E14000965,Stafford,Stafford,71.9%,75.5%,"Stafford will be split between 2 successor constituencies, with the bulk of the population remaining in the Stafford seat."
E14000966,Staffordshire Moorlands,Staffordshire Moorlands,95.6%,85.9%,The boundaries of Staffordshire Moorlands will change.
E14000967,Stalybridge and Hyde,Stalybridge and Hyde,100.0%,100.0%,Stalybridge and Hyde will be unchanged.
E14000968,Stevenage,Stevenage,100.0%,100.0%,Stevenage will have a small change to its boundaries.
E14000969,Stockport,Stockport,84.4%,72.7%,"Stockport will be split between 2 successor constituencies, with the bulk of the population remaining in the Stockport seat."
E14000970,Stockton North,Stockton North,96.1%,90.2%,The boundaries of Stockton North will change.
E14000971,Stockton South,Stockton West,74.6%,84.6%,"Stockton South will be split between 3 successor constituencies, with the bulk of the population moving to the new Stockton West seat."
E14000972,Stoke-on-Trent Central,Stoke-on-Trent Central,94.9%,74.1%,The boundaries of Stoke-on-Trent Central will change.
E14000973,Stoke-on-Trent North,Stoke-on-Trent North,92.8%,92.1%,The boundaries of Stoke-on-Trent North will change.
E14000974,Stoke-on-Trent South,Stoke-on-Trent South,75.6%,72.6%,"Stoke-on-Trent South will be split between 2 successor constituencies, with the bulk of the population remaining in the Stoke-on-Trent South seat."
E14000975,Stone,Stoke-on-Trent South,29.9%,27.4%,Stone will be split between five successor constituencies.
E14000976,Stourbridge,Stourbridge,69.7%,67.8%,"Stourbridge will be split between 2 successor constituencies, with the bulk of the population remaining in the Stourbridge seat."
E14000977,Stratford-on-Avon,Stratford-on-Avon,97.8%,100.0%,Stratford-on-Avon will have its area reduced.
E14000978,Streatham,Streatham and Croydon North,51.7%,51.7%,Streatham will be split between 2 successor constituencies.
E14000979,Stretford and Urmston,Stretford and Urmston,100.0%,100.0%,Stretford and Urmston will be unchanged.
E14000980,Stroud,Stroud,83.0%,93.3%,"Stroud will be split between 2 successor constituencies, with the bulk of the population remaining in the Stroud seat."
E14000981,Suffolk Coastal,Suffolk Coastal,90.5%,100.0%,Suffolk Coastal will have its area reduced.
E14000982,Sunderland Central,Sunderland Central,100.0%,100.0%,Sunderland Central will be unchanged.
E14000983,Surrey Heath,Surrey Heath,81.6%,92.2%,"Surrey Heath will be split between 2 successor constituencies, with the bulk of the population remaining in the Surrey Heath seat."
E14000984,Sutton and Cheam,Sutton and Cheam,99.7%,100.0%,Sutton and Cheam will have a small change to its boundaries.
E14000985,Sutton Coldfield,Sutton Coldfield,100.0%,100.0%,Sutton Coldfield will be almost unchanged.
E14000986,Tamworth,Tamworth,99.5%,97.1%,The boundaries of Tamworth will change.
E14000987,Tatton,Tatton,94.3%,86.0%,The boundaries of Tatton will change.
E14000988,Taunton Deane,Taunton and Wellington,88.1%,100.0%,Taunton Deane will have its area reduced and be renamed Taunton and Wellington.
E14000989,Telford,Telford,100.0%,97.2%,Telford will have a small change to its boundaries.
E14000990,Tewkesbury,Tewkesbury,74.6%,86.1%,"Tewkesbury will be split between 2 successor constituencies, with the bulk of the population remaining in the Tewkesbury seat."
E14000991,The Cotswolds,South Cotswolds,49.9%,55.0%,The Cotswolds will be split between 3 successor constituencies.
E14000992,The Wrekin,The Wrekin,97.2%,91.5%,The boundaries of The Wrekin will change.
E14000993,Thirsk and Malton,Thirsk and Malton,82.8%,87.0%,"Thirsk and Malton will be split between 3 successor constituencies, with the bulk of the population remaining in the Thirsk and Malton seat."
E14000994,Thornbury and Yate,Thornbury and Yate,97.0%,91.8%,The boundaries of Thornbury and Yate will change.
E14000995,Thurrock,Thurrock,91.9%,100.0%,Thurrock will have its area reduced.
E14000996,Tiverton and Honiton,Honiton and Sidmouth,60.5%,69.8%,Tiverton and Honiton will be split between 2 successor constituencies.
E14000997,Tonbridge and Malling,Tonbridge,79.3%,87.7%,"Tonbridge and Malling will be split between 2 successor constituencies, with the bulk of the population moving to the new Tonbridge seat."
E14000998,Tooting,Tooting,100.0%,100.0%,Tooting will be unchanged.
E14000999,Torbay,Torbay,100.0%,98.6%,The boundaries of Torbay will change.
E14001000,Torridge and West Devon,Torridge and Tavistock,92.8%,99.7%,"The boundaries of Torridge and West Devon will change, and it will be renamed Torridge and Tavistock."
E14001001,Totnes,South Devon,98.3%,95.5%,"The boundaries of Totnes will change, and it will be renamed South Devon."
E14001002,Tottenham,Tottenham,82.2%,84.2%,"Tottenham will be split between 3 successor constituencies, with the bulk of the population remaining in the Tottenham seat."
E14001003,Truro and Falmouth,Truro and Falmouth,89.5%,93.9%,The boundaries of Truro and Falmouth will change.
E14001004,Tunbridge Wells,Tunbridge Wells,100.0%,100.0%,Tunbridge Wells will be unchanged.
E14001005,Twickenham,Twickenham,91.1%,100.0%,Twickenham will have its area reduced.
E14001006,Tynemouth,Tynemouth,86.3%,91.8%,"Tynemouth will be split between 2 successor constituencies, with the bulk of the population remaining in the Tynemouth seat."
E14001007,Uxbridge and South Ruislip,Uxbridge and South Ruislip,91.5%,86.8%,The boundaries of Uxbridge and South Ruislip will change.
E14001008,Vauxhall,Vauxhall and Camberwell Green,60.9%,72.0%,Vauxhall will be split between 2 successor constituencies.
E14001009,Wakefield,Wakefield and Rothwell,51.0%,48.5%,Wakefield will be split between 2 successor constituencies.
E14001010,Wallasey,Wallasey,100.0%,91.7%,Wallasey will have its area enlarged.
E14001011,Walsall North,Walsall and Bloxwich,58.6%,50.1%,Walsall North will be split between 3 successor constituencies.
E14001012,Walsall South,Walsall and Bloxwich,55.2%,49.9%,Walsall South will be split between 3 successor constituencies.
E14001013,Walthamstow,Walthamstow,100.0%,100.0%,Walthamstow will be unchanged.
E14001014,Wansbeck,Blyth and Ashington,74.2%,60.9%,"Wansbeck will be split between 3 successor constituencies, with the bulk of the population moving to the new Blyth and Ashington seat."
E14001015,Wantage,Didcot and Wantage,78.6%,97.2%,"Wantage will be split between 3 successor constituencies, with the bulk of the population moving to the new Didcot and Wantage seat."
E14001016,Warley,Smethwick,100.0%,89.9%,Warley will have its area enlarged and be renamed Smethwick
E14001017,Warrington North,Warrington North,99.7%,100.0%,Warrington North will have a small change to its boundaries.
E14001018,Warrington South,Warrington South,88.9%,99.7%,Warrington South will have its area reduced.
E14001019,Warwick and Leamington,Warwick and Leamington,93.9%,94.4%,The boundaries of Warwick and Leamington will change.
E14001020,Washington and Sunderland West,Washington and Gateshead South,87.7%,80.7%,"Washington and Sunderland West will be split between 2 successor constituencies, with the bulk of the population moving to the new Washington and Gateshead South seat."
E14001021,Watford,Watford,79.5%,92.7%,"Watford will be split between 2 successor constituencies, with the bulk of the population remaining in the Watford seat."
E14001022,Waveney,Lowestoft,91.4%,100.0%,Waveney will have its area reduced and be renamed Lowestoft.
E14001023,Wealden,Sussex Weald,70.4%,84.3%,"Wealden will be split between 3 successor constituencies, with the bulk of the population moving to the new Sussex Weald seat."
E14001024,Weaver Vale,Runcorn and Helsby,52.2%,52.1%,Weaver Vale will be split between 4 successor constituencies.
E14001025,Wellingborough,Wellingborough and Rushden,90.1%,92.8%,"The boundaries of Wellingborough will change, and it will be renamed Wellingborough and Rushden."
E14001026,Wells,Wells and Mendip Hills,53.2%,64.6%,Wells will be split between 4 successor constituencies.
E14001027,Welwyn Hatfield,Welwyn Hatfield,99.6%,100.0%,Welwyn Hatfield will have its area reduced.
E14001028,Wentworth and Dearne,Rawmarsh and Conisbrough,62.9%,67.1%,Wentworth and Dearne will be split between 3 successor constituencies.
E14001029,West Bromwich East,West Bromwich,71.1%,61.8%,"West Bromwich East will be split between 2 successor constituencies, with the bulk of the population moving to the new West Bromwich seat."
E14001030,West Bromwich West,Tipton and Wednesbury,71.7%,63.7%,"West Bromwich West will be split between 2 successor constituencies, with the bulk of the population moving to the new Tipton and Wednesbury seat."
E14001031,West Dorset,West Dorset,91.8%,99.0%,The boundaries of West Dorset will change.
E14001032,West Ham,West Ham and Beckton,55.0%,73.8%,West Ham will be split between 2 successor constituencies.
E14001033,West Lancashire,West Lancashire,100.0%,100.0%,West Lancashire will be unchanged.
E14001034,West Suffolk,West Suffolk,91.4%,94.5%,The boundaries of West Suffolk will change.
E14001035,West Worcestershire,West Worcestershire,100.0%,100.0%,West Worcestershire will be unchanged.
E14001036,Westminster North,Queen's Park and Maida Vale,62.2%,56.1%,Westminster North will be split between 3 successor constituencies.
E14001037,Westmorland and Lonsdale,Westmorland and Lonsdale,78.0%,72.4%,"Westmorland and Lonsdale will be split between 2 successor constituencies, with the bulk of the population remaining in the Westmorland and Lonsdale seat."
E14001038,Weston-Super-Mare,Weston-super-Mare,85.3%,100.0%,Weston-Super-Mare will have its area reduced.
E14001039,Wigan,Wigan,100.0%,100.0%,Wigan will be unchanged.
E14001040,Wimbledon,Wimbledon,90.3%,82.8%,The boundaries of Wimbledon will change.
E14001041,Winchester,Winchester,79.3%,77.5%,"Winchester will be split between 2 successor constituencies, with the bulk of the population remaining in the Winchester seat."
E14001042,Windsor,Windsor,71.8%,70.8%,"Windsor will be split between 3 successor constituencies, with the bulk of the population remaining in the Windsor seat."
E14001043,Wirral South,Ellesmere Port and Bromborough,41.9%,31.9%,Wirral South will be split between 3 successor constituencies.
E14001044,Wirral West,Wirral West,88.4%,69.3%,"Wirral West will be split between 2 successor constituencies, with the bulk of the population remaining in the Wirral West seat."
E14001045,Witham,Witham,97.2%,91.6%,The boundaries of Witham will change.
E14001046,Witney,Witney,63.4%,74.5%,Witney will be split between 3 successor constituencies.
E14001047,Woking,Woking,93.1%,100.0%,Woking will have its area reduced.
E14001048,Wokingham,Wokingham,50.2%,61.4%,Wokingham will be split between 3 successor constituencies.
E14001049,Wolverhampton North East,Wolverhampton North East,86.5%,76.7%,"Wolverhampton North East will be split between 2 successor constituencies, with the bulk of the population remaining in the Wolverhampton North East seat."
E14001050,Wolverhampton South East,Wolverhampton South East,73.1%,59.2%,"Wolverhampton South East will be split between 3 successor constituencies, with the bulk of the population remaining in the Wolverhampton South East seat."
E14001051,Wolverhampton South West,Wolverhampton West,100.0%,77.7%,Wolverhampton South West will have its area enlarged and be renamed Wolverhampton West
E14001052,Worcester,Worcester,100.0%,100.0%,Worcester will be unchanged.
E14001053,Workington,Penrith and Solway,56.6%,45.9%,Workington will be split between 2 successor constituencies.
E14001054,Worsley and Eccles South,Worsley and Eccles,63.1%,63.8%,Worsley and Eccles South will be split between 2 successor constituencies.
E14001055,Worthing West,Worthing West,86.6%,88.6%,"Worthing West will be split between 2 successor constituencies, with the bulk of the population remaining in the Worthing West seat."
E14001056,Wycombe,Wycombe,91.7%,99.2%,The boundaries of Wycombe will change.
E14001057,Wyre and Preston North,Ribble Valley,33.0%,32.3%,Wyre and Preston North will be split between five successor constituencies.
E14001058,Wyre Forest,Wyre Forest,100.0%,100.0%,Wyre Forest will be unchanged.
E14001059,Wythenshawe and Sale East,Wythenshawe and Sale East,100.0%,100.0%,Wythenshawe and Sale East will be unchanged.
E14001060,Yeovil,Yeovil,92.0%,99.9%,The boundaries of Yeovil will change.
E14001061,York Central,York Central,98.8%,94.6%,The boundaries of York Central will change.
E14001062,York Outer,York Outer,94.0%,98.6%,York Outer will have a small change to its boundaries.
N06000001,Belfast East,Belfast East,95.1%,89.6%,The boundaries of Belfast East will change.
N06000002,Belfast North,Belfast North,92.6%,94.3%,The boundaries of Belfast North will change.
N06000003,Belfast South,Belfast South and Mid Down,90.8%,88.9%,"The boundaries of Belfast South will change, and it will be renamed Belfast South and Mid Down."
N06000004,Belfast West,Belfast West,95.2%,87.6%,The boundaries of Belfast West will change.
N06000005,East Antrim,East Antrim,96.6%,88.6%,The boundaries of East Antrim will change.
N06000006,East Londonderry,East Londonderry,99.5%,96.1%,East Londonderry will have a small change to its boundaries.
N06000007,Fermanagh and South Tyrone,Fermanagh and South Tyrone,95.8%,93.7%,The boundaries of Fermanagh and South Tyrone will change.
N06000008,Foyle,Foyle,94.3%,100.0%,Foyle will have its area reduced.
N06000009,Lagan Valley,Lagan Valley,89.8%,89.9%,The boundaries of Lagan Valley will change.
N06000010,Mid Ulster,Mid Ulster,93.9%,95.5%,The boundaries of Mid Ulster will change.
N06000011,Newry and Armagh,Newry and Armagh,90.6%,98.0%,The boundaries of Newry and Armagh will change.
N06000012,North Antrim,North Antrim,90.6%,98.4%,The boundaries of North Antrim will change.
N06000013,North Down,North Down,100.0%,95.2%,North Down will have its area enlarged.
N06000014,South Antrim,South Antrim,97.2%,96.8%,The boundaries of South Antrim will change.
N06000015,South Down,South Down,85.8%,95.2%,The boundaries of South Down will change.
N06000016,Strangford,Strangford,91.3%,85.5%,The boundaries of Strangford will change.
N06000017,Upper Bann,Upper Bann,89.2%,96.6%,The boundaries of Upper Bann will change.
N06000018,West Tyrone,West Tyrone,100.0%,92.8%,West Tyrone will have its area enlarged.
S14000001,Aberdeen North,Aberdeen North,77.0%,69.2%,"Aberdeen North will be split between 2 successor constituencies, with the bulk of the population remaining in the Aberdeen North seat."
S14000002,Aberdeen South,Aberdeen South,97.4%,80.4%,The boundaries of Aberdeen South will change.
S14000003,Airdrie and Shotts,Airdrie and Shotts,99.0%,92.1%,Airdrie and Shotts will have its area enlarged and have an additional small boundary change.
S14000004,Angus,Angus and Perthshire Glens,62.5%,53.1%,Angus will be split between 2 successor constituencies.
S14000005,Argyll and Bute,"Argyll, Bute and South Lochaber",100.0%,93.4%,"Argyll and Bute will have its area enlarged and be renamed Argyll, Bute and South Lochaber."
S14000006,"Ayr, Carrick and Cumnock","Ayr, Carrick and Cumnock",100.0%,100.0%,"Ayr, Carrick and Cumnock will be unchanged."
S14000007,Banff and Buchan,Aberdeenshire North and Moray East,78.8%,74.8%,"Banff and Buchan will be split between 2 successor constituencies, with the bulk of the population moving to the new Aberdeenshire North and Moray East seat."
S14000008,"Berwickshire, Roxburgh and Selkirk","Berwickshire, Roxburgh and Selkirk",100.0%,100.0%,"Berwickshire, Roxburgh and Selkirk will have a small change to its boundaries."
S14000009,"Caithness, Sutherland and Easter Ross","Caithness, Sutherland and Easter Ross",100.0%,62.5%,"Caithness, Sutherland and Easter Ross will have its area enlarged."
S14000010,Central Ayrshire,Central Ayrshire,100.0%,100.0%,Central Ayrshire will be unchanged.
S14000011,"Coatbridge, Chryston and Bellshill",Coatbridge and Bellshill,87.5%,87.3%,"Coatbridge, Chryston and Bellshill will be split between 3 successor constituencies, with the bulk of the population moving to the new Coatbridge and Bellshill seat."
S14000012,"Cumbernauld, Kilsyth and Kirkintilloch East",Cumbernauld and Kirkintilloch,90.2%,85.8%,"Cumbernauld, Kilsyth and Kirkintilloch East will be split between 3 successor constituencies, with the bulk of the population moving to the new Cumbernauld and Kirkintilloch seat."
S14000013,Dumfries and Galloway,Dumfries and Galloway,99.3%,96.7%,The boundaries of Dumfries and Galloway will change.
S14000014,"Dumfriesshire, Clydesdale and Tweeddale","Dumfriesshire, Clydesdale and Tweeddale",96.3%,93.8%,"The boundaries of Dumfriesshire, Clydesdale and Tweeddale will change."
S14000015,Dundee East,Arbroath and Broughty Ferry,77.5%,68.6%,"Dundee East will be split between 3 successor constituencies, with the bulk of the population moving to the new Arbroath and Broughty Ferry seat."
S14000016,Dundee West,Dundee Central,94.6%,80.3%,"Dundee West will be split between 2 successor constituencies, with the bulk of the population moving to the new Dundee Central seat."
S14000017,Dunfermline and West Fife,Dunfermline and Dollar,88.2%,96.1%,"The boundaries of Dunfermline and West Fife will change, and it will be renamed Dunfermline and Dollar."
S14000018,East Dunbartonshire,Mid Dunbartonshire,100.0%,90.7%,"The boundaries of East Dunbartonshire will change, and it will be renamed Mid Dunbartonshire."
S14000019,"East Kilbride, Strathaven and Lesmahagow",East Kilbride and Strathaven,90.8%,99.3%,"The boundaries of East Kilbride, Strathaven and Lesmahagow will change, and it will be renamed East Kilbride and Strathaven."
S14000020,East Lothian,Lothian East,88.3%,100.0%,East Lothian will have its area reduced and be renamed Lothian East.
S14000021,East Renfrewshire,East Renfrewshire,100.0%,100.0%,East Renfrewshire will be unchanged.
S14000022,Edinburgh East,Edinburgh East and Musselburgh,95.1%,89.1%,"The boundaries of Edinburgh East will change, and it will be renamed Edinburgh East and Musselburgh."
S14000023,Edinburgh North and Leith,Edinburgh North and Leith,91.1%,93.7%,The boundaries of Edinburgh North and Leith will change.
S14000024,Edinburgh South,Edinburgh South,100.0%,94.4%,Edinburgh South will have its area enlarged.
S14000025,Edinburgh South West,Edinburgh South West,100.0%,100.0%,Edinburgh South West will have a small change to its boundaries.
S14000026,Edinburgh West,Edinburgh West,93.0%,90.1%,The boundaries of Edinburgh West will change.
S14000027,Na h-Eileanan an Iar,Na h-Eileanan an Iar,100.0%,100.0%,Na h-Eileanan an Iar will be unchanged.
S14000028,Falkirk,Falkirk,72.8%,82.8%,"Falkirk will be split between 2 successor constituencies, with the bulk of the population remaining in the Falkirk seat."
S14000029,Glasgow Central,Glasgow East,44.6%,45.0%,Glasgow Central will be split between five successor constituencies.
S14000030,Glasgow East,Glasgow East,58.5%,53.4%,Glasgow East will be split between 3 successor constituencies.
S14000031,Glasgow North,Glasgow North,73.5%,55.3%,"Glasgow North will be split between 2 successor constituencies, with the bulk of the population remaining in the Glasgow North seat."
S14000032,Glasgow North East,Glasgow North East,76.8%,61.1%,"Glasgow North East will be split between 3 successor constituencies, with the bulk of the population remaining in the Glasgow North East seat."
S14000033,Glasgow North West,Glasgow West,94.9%,79.3%,"The boundaries of Glasgow North West will change, and it will be renamed Glasgow West."
S14000034,Glasgow South,Glasgow South,91.0%,89.1%,The boundaries of Glasgow South will change.
S14000035,Glasgow South West,Glasgow South West,83.2%,74.5%,"Glasgow South West will be split between 3 successor constituencies, with the bulk of the population remaining in the Glasgow South West seat."
S14000036,Glenrothes,Glenrothes and Mid Fife,84.5%,79.5%,"Glenrothes will be split between 3 successor constituencies, with the bulk of the population moving to the new Glenrothes and Mid Fife seat."
S14000037,Gordon,Gordon and Buchan,70.0%,79.1%,"Gordon will be split between 2 successor constituencies, with the bulk of the population moving to the new Gordon and Buchan seat."
S14000038,Inverclyde,Inverclyde and Renfrewshire West,100.0%,82.9%,Inverclyde will have its area enlarged and be renamed Inverclyde and Renfrewshire West
S14000039,"Inverness, Nairn, Badenoch and Strathspey","Inverness, Skye and West Ross-shire",67.2%,69.5%,"Inverness, Nairn, Badenoch and Strathspey will be split between 3 successor constituencies, with the bulk of the population moving to the new Inverness, Skye and West Ross-shire seat."
S14000040,Kilmarnock and Loudoun,Kilmarnock and Loudoun,100.0%,100.0%,Kilmarnock and Loudoun will be unchanged.
S14000041,Kirkcaldy and Cowdenbeath,Cowdenbeath and Kirkcaldy,80.6%,84.5%,"Kirkcaldy and Cowdenbeath will be split between 3 successor constituencies, with the bulk of the population moving to the new Cowdenbeath and Kirkcaldy seat."
S14000042,Lanark and Hamilton East,Hamilton and Clyde Valley,58.4%,59.7%,Lanark and Hamilton East will be split between five successor constituencies.
S14000043,Linlithgow and East Falkirk,Bathgate and Linlithgow,72.7%,90.3%,"Linlithgow and East Falkirk will be split between 4 successor constituencies, with the bulk of the population moving to the new Bathgate and Linlithgow seat."
S14000044,Livingston,Livingston,91.7%,100.0%,The boundaries of Livingston will change.
S14000045,Midlothian,Midlothian,100.0%,100.0%,Midlothian will be unchanged.
S14000046,Moray,"Moray West, Nairn and Strathspey",74.8%,69.7%,"Moray will be split between 2 successor constituencies, with the bulk of the population moving to the new Moray West, Nairn and Strathspey seat."
S14000047,Motherwell and Wishaw,"Motherwell, Wishaw and Carluke",79.9%,77.1%,"Motherwell and Wishaw will be split between 3 successor constituencies, with the bulk of the population moving to the new Motherwell, Wishaw and Carluke seat."
S14000048,North Ayrshire and Arran,North Ayrshire and Arran,100.0%,100.0%,North Ayrshire and Arran will be unchanged.
S14000049,North East Fife,North East Fife,100.0%,88.0%,North East Fife will have its area enlarged.
S14000050,Ochil and South Perthshire,Alloa and Grangemouth,44.7%,50.7%,Ochil and South Perthshire will be split between five successor constituencies.
S14000051,Orkney and Shetland,Orkney and Shetland,100.0%,100.0%,Orkney and Shetland will be unchanged.
S14000052,Paisley and Renfrewshire North,Paisley and Renfrewshire North,72.6%,76.8%,"Paisley and Renfrewshire North will be split between 3 successor constituencies, with the bulk of the population remaining in the Paisley and Renfrewshire North seat."
S14000053,Paisley and Renfrewshire South,Paisley and Renfrewshire South,92.9%,88.4%,The boundaries of Paisley and Renfrewshire South will change.
S14000054,Perth and North Perthshire,Perth and Kinross-shire,62.6%,60.5%,Perth and North Perthshire will be split between 2 successor constituencies.
S14000055,"Ross, Skye and Lochaber","Caithness, Sutherland and Easter Ross",46.6%,33.8%,"Ross, Skye and Lochaber will be split between 3 successor constituencies with a very small portion going to a fourth constituency."
S14000056,Rutherglen and Hamilton West,Rutherglen,72.4%,85.3%,"Rutherglen and Hamilton West will be split between 3 successor constituencies, with the bulk of the population moving to the new Rutherglen seat."
S14000057,Stirling,Stirling and Strathallan,100.0%,90.5%,Stirling will have its area enlarged and be renamed Stirling and Strathallan
S14000058,West Aberdeenshire and Kincardine,West Aberdeenshire and Kincardine,100.0%,100.0%,West Aberdeenshire and Kincardine will be unchanged.
S14000059,West Dunbartonshire,West Dunbartonshire,100.0%,96.2%,West Dunbartonshire will have a small change to its boundaries.
W07000041,Ynys Mn,Ynys Mn,100.0%,100.0%,Ynys Mn will be unchanged.
W07000042,Delyn,Clwyd East,74.9%,55.0%,"Delyn will be split between 2 successor constituencies, with the bulk of the population moving to the new Clwyd East seat."
W07000043,Alyn and Deeside,Alyn and Deeside,100.0%,82.7%,Alyn and Deeside will have its area enlarged.
W07000044,Wrexham,Wrexham,100.0%,72.5%,Wrexham will have its area enlarged.
W07000045,Llanelli,Llanelli,100.0%,87.6%,Llanelli will have its area enlarged.
W07000046,Gower,Gower,90.6%,73.5%,The boundaries of Gower will change.
W07000047,Swansea West,Swansea West,68.2%,51.2%,"Swansea West will be split between 2 successor constituencies, with the bulk of the population remaining in the Swansea West seat."
W07000048,Swansea East,Swansea West,62.2%,48.8%,Swansea East will be split between 3 successor constituencies.
W07000049,Aberavon,Aberafan Maesteg,81.7%,61.2%,"Aberavon will be split between 2 successor constituencies, with the bulk of the population moving to the new Aberafan Maesteg seat."
W07000050,Cardiff Central,Cardiff East,76.3%,65.2%,"Cardiff Central will be split between 2 successor constituencies, with the bulk of the population moving to the new Cardiff East seat."
W07000051,Cardiff North,Cardiff North,100.0%,96.2%,Cardiff North will have its area enlarged.
W07000052,Rhondda,Rhondda and Ogmore,100.0%,68.1%,Rhondda will have its area enlarged and be renamed Rhondda and Ogmore
W07000053,Torfaen,Torfaen,100.0%,89.6%,Torfaen will have its area enlarged.
W07000054,Monmouth,Monmouthshire,88.7%,81.1%,"The boundaries of Monmouth will change, and it will be renamed Monmouthshire."
W07000055,Newport East,Newport East,79.1%,60.3%,"Newport East will be split between 2 successor constituencies, with the bulk of the population remaining in the Newport East seat."
W07000056,Newport West,Newport West and Islwyn,53.1%,48.7%,Newport West will be split between 2 successor constituencies.
W07000057,Arfon,Dwyfor Meirionnydd,55.9%,35.4%,Arfon will be split between 2 successor constituencies.
W07000058,Aberconwy,Bangor Aberconwy,100.0%,60.6%,Aberconwy will have its area enlarged and be renamed Bangor Aberconwy
W07000059,Clwyd West,Clwyd North,70.4%,52.3%,"Clwyd West will be split between 3 successor constituencies, with the bulk of the population moving to the new Clwyd North seat."
W07000060,Vale of Clwyd,Clwyd North,65.3%,47.7%,Vale of Clwyd will be split between 2 successor constituencies.
W07000061,Dwyfor Meirionnydd,Dwyfor Meirionnydd,100.0%,60.9%,Dwyfor Meirionnydd will have its area enlarged.
W07000062,Clwyd South,Montgomeryshire and Glyndwr,48.1%,34.8%,Clwyd South will be split between 4 successor constituencies.
W07000063,Montgomeryshire,Montgomeryshire and Glyndwr,100.0%,65.2%,Montgomeryshire will have its area enlarged and be renamed Montgomeryshire and Glyndwr
W07000064,Ceredigion,Ceredigion Preseli,100.0%,76.2%,Ceredigion will have its area enlarged and be renamed Ceredigion Preseli.
W07000065,Preseli Pembrokeshire,Mid and South Pembrokeshire,71.2%,54.7%,"Preseli Pembrokeshire will be split between 2 successor constituencies, with the bulk of the population moving to the new Mid and South Pembrokeshire seat."
W07000066,Carmarthen West and South Pembrokeshire,Mid and South Pembrokeshire,58.9%,45.3%,Carmarthen West and South Pembrokeshire will be split between 2 successor constituencies.
W07000067,Carmarthen East and Dinefwr,Caerfyrddin,84.1%,66.0%,"Carmarthen East and Dinefwr will be split between 2 successor constituencies, with the bulk of the population moving to the new Caerfyrddin seat."
W07000068,Brecon and Radnorshire,"Brecon, Radnor and Cwm Tawe",100.0%,75.4%,"Brecon and Radnorshire will have its area enlarged and renamed Brecon, Radnor and Cwm Tawe."
W07000069,Neath,Neath and Swansea East,67.4%,49.4%,"Neath will be split between 3 successor constituencies, with the bulk of the population moving to the new Neath and Swansea East seat."
W07000070,Cynon Valley,Merthyr Tydfil and Aberdare,57.8%,41.0%,Cynon Valley will be split between 2 successor constituencies.
W07000071,Merthyr Tydfil and Rhymney,Merthyr Tydfil and Aberdare,79.0%,59.0%,"Merthyr Tydfil and Rhymney will be split between 2 successor constituencies, with the bulk of the population moving to the new Merthyr Tydfil and Aberdare seat."
W07000072,Blaenau Gwent,Blaenau Gwent and Rhymney,100.0%,70.9%,Blaenau Gwent will have its area enlarged and be renamed Blaenau Gwent and Rhymney
W07000073,Bridgend,Bridgend,82.8%,74.7%,"Bridgend will be split between 2 successor constituencies, with the bulk of the population remaining in the Bridgend seat."
W07000074,Ogmore,Bridgend,31.2%,25.3%,Ogmore will be split between five successor constituencies.
W07000075,Pontypridd,Pontypridd,71.7%,57.6%,"Pontypridd will be split between 4 successor constituencies, with the bulk of the population remaining in the Pontypridd seat."
W07000076,Caerphilly,Caerphilly,90.7%,80.9%,The boundaries of Caerphilly will change.
W07000077,Islwyn,Newport West and Islwyn,70.0%,51.3%,"Islwyn will be split between 3 successor constituencies, with the bulk of the population moving to the new Newport West and Islwyn seat."
W07000078,Vale of Glamorgan,Vale of Glamorgan,92.0%,100.0%,Vale of Glamorgan will have its area reduced.
W07000079,Cardiff West,Cardiff West,100.0%,92.7%,Cardiff West will have its area enlarged.
W07000080,Cardiff South and Penarth,Cardiff South and Penarth,67.0%,71.8%,"Cardiff South and Penarth will be split between 3 successor constituencies, with the bulk of the population remaining in the Cardiff South and Penarth seat."
